titre,contenu,stations,Segment simple,segments,user_screen_names,,,
Incendie aux Ardoines,"23/07/2014
Plus de 28h
 

Aux abords de la station des Ardoines, un incendie se d√©clare dans la nuit. Les tweets du jour m√™me sont plut√¥t des demandes d‚Äôinformations sur l‚Äôincident, des plaintes au sujet de l'impact des perturbations de circulations et les voyageur.ses demandent des explications sur les causes de l‚Äôincendie. Quelques jours apr√®s, une rumeur tourne au sujet de l‚Äô√©tat d‚Äô√©bri√©t√© de l‚Äôagent en charge de la surveillance du poste de r√©gulation des circulations des Ardoines, c'est l'occasion de trouver un responsable √† ce probl√®me mais c'est plus globalement la SNCF qui est mise en cause.",Les Ardoines,Juvisy - Invalides et Invalides - pont de Rungis,Invalides √† Mus√©e d'Orsay|Mus√©e d'Orsay √† Saint-Michel|Saint-Michel √† Paris Austerlitz|Paris Austerlitz √† Biblioth√®que Fran√ßois Mitterrand|Biblioth√®que Fran√ßois Mitterrand √† Ivry-sur-Seine|Ivry-sur-Seine √† Vitry-sur-Seine| Vitry-sur-Seine √† Les Ardoines|Les Ardoines √† Choisy-le-Roi|Choisy-le-Roi √† Villeneuve-le-Roi|Villeneuve-le-Roi √† Ablon|Ablon √† Athis-Mons|Athis-Mons √† Juvisy|Choisy-le-Roi √† Les Saules|Les Saules √† Orly Ville|Orly Ville √† Pont de Rungis,goguemeu|ChWilmart|oBrunet_TSMF|dupre_valery|Celebriante|Lilie_a94|salgos23|ThibB|Timekeeper|Enora_Thomas|Neyrolles75|_C_Y_P|JRCondat|Asso_usagersidf|dreamofnas|GroupeSNCF|AlexArchambault|BackoTheDoc|ManicPSoFR|bdlama|mairievitry|sebfaret|MartheNicolas|Frk_LaBaule|voltageofficiel|robinreda|Paris_Depeches|EssonneInfo|spoum42|durovray|RERC_SNCF|Aguay_val|Mounialicious|JmVitry|voltageofficiel|GroupeSNCF|amv_ac|Btilloy|fredbadina|Timekeeper|Marre_motte|Kendo_daisuki|JeromePasanau|Yves946778|barre_stephanie|JeanMarc_DJ|Transactumedia|Yves946778|deschadul|EnAvantEtampes|Flow_M4|JustinfoligneJ|loick_bzh|Lunon92|RJouchter|AxelleOliivia|Yakko_Warners|ArnaudManoury|Tibouland|halbahtor|ArnaudManoury|StephaneDSS|cld,,,
R√©percussions suite √† l‚Äôincendie des Ardoines,"23/07/2014
Diminution du plan de transport
Encore en vigueur √† l‚Äô√©t√© 2024
 

Un mois apr√®s l‚Äôincendie des Ardoines, la SNCF informe les voyageurs qu‚Äôen cons√©quences de l‚Äôincendie, le traffic sera perturb√© pendant deux ans et demi. 
Pendant ces deux ans et demi, les voyageur.ses continuent de parler de l‚Äôincendie des Ardoines comme ¬´ l‚Äôincendie ¬ª, il n‚Äôy a pas besoin de le nommer, tout le monde semble comprendre la r√©f√©rence. √Ä la fin de ces deux ans et demi pr√©vus de travaux, une vague de questions √©merge sur le retour des trains BALI et PAUL qui d√©sservaient en heure de pointe les gares entre Pont Garigliano et Br√©tigny, faisant passer le temps d'attente de 7 minutes avant l'incendie √† 15 minutes en heure de pointe post incendie. Cette vague de question s'√©vanouit mais parfois, et m√™me encore en 2024, on peut lire des messages demandant o√π sont pass√©s les trains perdus depuis l'incendie. Cet incendie est celui qui a caus√© le plus grand nombre de tweets, √©tant donn√© les nombreuses r√©percussions qu'il a engendr√©.",Les Ardoines,Pont Garigliano - Br√©tigny,Pont du Garigliano √† Javel|Javel √† Champ de Mars|Champ de Mars √† Pont de l'Alma|Pont de l‚ÄôAlma √† Invalides|Invalides √† Mus√©e d'Orsay|Mus√©e d'Orsay √† Saint-Michel|Saint-Michel √† Paris Austerlitz|Paris Austerlitz √† Biblioth√®que Fran√ßois Mitterrand|Biblioth√®que Fran√ßois Mitterrand √† Ivry-sur-Seine|Ivry-sur-Seine √† Vitry-sur-Seine| Vitry-sur-Seine √† Les Ardoines|Les Ardoines √† Choisy-le-Roi|Choisy-le-Roi √† Villeneuve-le-Roi|Villeneuve-le-Roi √† Ablon|Ablon √† Athis-Mons|Athis-Mons √† Juvisy|Juvisy √† Savigny-sur-Orge|Savigny-sur-Orge √† √âpinay-sur-Orge|√âpinay-sur-Orge √† Sainte-Genevi√®ve-des-Bois|Sainte-Genevi√®ve-des-Bois √† Saint-Michel-sur-Orge|Saint-Michel-sur-Orge √† Br√©tigny,Asso_usagersidf|ACircule|spoum42|epinaysurseine|RERC_SNCF|ArnaudManoury|Tovaritch_Piotr|NathalieChalard|vvtrafic|Timekeeper|Asso_LUTECE|Flower9521|LeTof73|pariswila|Btilloy|ADCTR1|vgransac|GroupeSNCF|macinside|ADCTR1|lucilemetout|Ju_Gua|LePoint|MissMuhja|Chuyan09|Jokinchris|ADCPD|francebleuparis|_Ellexa|CrnChloe_|DelarueJC|SuuperJu|EPorteneuve|afpfr|fra375|Esprit_225|nicosasu_|tse_tse_cc|soniaroudiy|EssonneInfo|epinaysurseine|lucronde|marco91300|PSchydlowski|VincentKHENG|EssonneInfo|Spales|ObjectifGdParis|Samuel_Lafont|iQuid|MaVieEnLigne|MissKyrsa|Eliso4M|wladesty|bgoss44|StephaneDSS|danielegiazzi|MarcVerret|mpbadre|merlet75|justine_knight|ophelie_knight|DelarueJC|Pubmanu|FRemongin|portes_essonne|Kendo_daisuki|Marie_Noumea|CyrilouSan|porcum|ADCTR1|DelarueJC|DarthRobz|jeanpierzemmour|Next_Alert|PSchydlowski|LesJarry|XavierDGLG|OlivierGoix|alainkrakovitch|XavierDGLG|kinobiweb|Tig_TrOp|CedricRP|DelarueJC|LegGohan|Micky91|Veronique_ROGER|cld|Ricou2105|Nabulione_Buona|floriantzn|cld|PedroLito91|Freebear9,,,
Incendie de la cath√©drale Notre Dame de Paris,"Du 15 au 16/04/2024
Station non desservie
16h
 

Au moment de l'incendie de la cath√©drale Notre Dame de Paris, la pr√©fecture de police a demand√© √† la SNCF de fermer la station Notre Dame pour √©viter l'afflux de voyageurs. L'incendie n'a pas provoqu√© de ralentissements sur la ligne, seule la station n'√©tait pas d√©sservie mais cela a caus√© plusieurs tweets d'incompr√©hension. En effet, la station est de l'autre c√¥t√© de la Seine, et bien d√©cal√©e de la cath√©drale, les voyageur.ses mentionnent bien qu'elles ne sont pas √† c√¥t√© et ne comprennent pas. Certain.es accusent ""Encore du z√®le !"" de la part de la pr√©fecture et de la SNCF, d'autres rappellent la taille des enjeux, d'un c√¥t√© la destruction du patrimoine (""√™tre horrifi√© et solidaire suite √† l'incendie de notre belle cath√©drale"") et d'un autre c√¥t√©, quelque chose simplement lu comme ""quelques minutes de d√©tour pour aller prendre le RER depuis une autre station"". Par ailleurs, la station Notre Dame √©tant sur les deux lignes de RER, la C et la B, il y a eu une autre question au moment de la reprise du traffic sur les raisons qui expliquent que la ligne B ait recommenc√© √† d√©sservir la gare avant la ligne C.",Saint-Michel,Aucun,,MarieCvs2|FredMOISYNGUYEN|RERC_SNCF|cld|VISOV1|ElConductor14|Next_Alert|TomekTR|tigrootiger|AlertesRERC|baratincyril3|DamienCourtot|NacimaRameau|Tigresse913|Alexf80341509|claudisa91|fquairel,,,
Arbres tomb√©s sur les installations √©lectriques dans le secteur de Paris Austerlitz,"Le 5/07/2023
Petit tron√ßon dans Paris au traffic interrompu et toute la ligne fortement ralentie
2 jours
 

Cet incident a √©galement caus√© beaucoup de commentaires. D'une part de l'incompr√©hension : ¬´ Comment des arbres arrivent ils √† tomber dans une section souterraine ? ¬ª. En fait il se trouve que c'√©tait un des rares tron√ßons de RERC intramuros qui √©tait en tranch√©e, et donc ouvert. Il y a de nouveau eu des critiques √† l'encontre de la SNCF pour n'avoir pas anticip√© la chute de cet arbre, ne jamais couper suffisamment les arbres, mais certains comptes viennent nuancer ces responsabilit√©s : ¬´ Les arbres c‚Äôest la ville de Paris si ils n‚Äôentretiennent pas c‚Äôest pas la faute de la SNCF. ¬ª. De mani√®re g√©n√©rale, les chutes d'arbres sur les voies provoquent plus de remarques sur twitter que les incendies, il semble qu'il y ait plus de responsabilit√©s √† questionner pour des incidents de chutes d'arbres que pour des incendies, pendant lesquels les voyageur.ses demandent surtout des informations sur l'impact de l'incendie sur les circulations.",Austerlitz,Toute la ligne,Saint-Quentin-en-Yvelines √† Saint-Cyr|Saint-Cyr √† Versailles-Chantiers|Versailles-Chantiers √† Viroflay Rive Gauche|Viroflay Rive Gauche √† Porchefontaine|Porchefontaine √† Versailles Ch√¢teau|Viroflay Rive Gauche √† Chaville-V√©lizy|Chaville-V√©lizy √† Meudon-Val-Fleury|Meudon-Val-Fleury √† Issy|Issy √† Issy-Val-de-Seine|Issy-Val-de-Seine √† Pont du Garigliano|Pont du Garigliano √† Javel|Javel √† Champ de Mars|Champ de Mars √† Avenue du Pr√©sident Kennedy|Avenue du Pr√©sident Kennedy √† Boulainvilliers|Boulainvilliers √† Avenue Henri Martin|Avenue Henri Martin √† Avenue Foch|Avenue Foch √† Neuilly Porte Maillot|Neuilly Porte Maillot √† Pereire-Levallois|Pereire-Levallois √† Porte de Clichy|Porte de Clichy √† Saint-Ouen|Saint-Ouen √† Les Gr√©sillons|Les Gr√©sillons √† Gennevilliers|Gennevilliers √† √âpinay-sur-Seine|√âpinay-sur-Seine √† Saint-Gratien|Saint-Gratien √† Ermont-Eaubonne|Ermont-Eaubonne √† Cernay|Cernay √† Franconville-Le Plessis-Bouchard|Franconville-Le Plessis-Bouchard √† Montigny-Beauchamp|Montigny-Beauchamp √† Pierrelaye|Pierrelaye √† Saint-Ouen-l'Aum√¥ne-Liesse|Saint-Ouen-l'Aum√¥ne-Liesse √† Saint-Ouen-l'Aum√¥ne|Saint-Ouen-l'Aum√¥ne √† Pontoise|Champ de Mars √† Pont de l'Alma|Pont de l'Alma √† Invalides|Invalides √† Mus√©e d'Orsay|Mus√©e d'Orsay √† Saint-Michel|Saint-Michel √† Paris Austerlitz|Paris Austerlitz √† Biblioth√®que Fran√ßois Mitterrand|Biblioth√®que Fran√ßois Mitterrand √† Ivry-sur-Seine|Ivry-sur-Seine √† Vitry-sur-Seine|Vitry-sur-Seine √† Les Ardoines|Les Ardoines √† Choisy-le-Roi|Choisy-le-Roi √† Villeneuve-le-Roi|Villeneuve-le-Roi √† Ablon|Ablon √† Athis-Mons|Athis-Mons √† Juvisy|Juvisy √† Savigny-sur-Orge|Savigny-sur-Orge √† √âpinay-sur-Orge|√âpinay-sur-Orge √† Sainte-Genevi√®ve-des-Bois|Sainte-Genevi√®ve-des-Bois √† Saint-Michel-sur-Orge|Saint-Michel-sur-Orge √† Br√©tigny|Br√©tigny √† Marolles-en-Hurepoix|Marolles-en-Hurepoix √† Bouray|Bouray √† Lardy|Lardy √† Chamarande|Chamarande √† √âtr√©chy|√âtr√©chy √† √âtampes|√âtampes √† Saint-Martin-d'√âtampes|Br√©tigny √† La Norville|La Norville √† Arpajon|Arpajon √† √âgly|√âgly √† Breuillet|Breuillet √† Breuillet-Village|Breuillet-Village √† Saint-Ch√©ron|Saint-Ch√©ron √† Sermaise|Sermaise √† Dourdan|Dourdan √† Dourdan-la-For√™t|Choisy-le-Roi √† Les Saules|Les Saules √† Orly Ville|Orly Ville √† Pont de Rungis|Pont de Rungis √† Rungis-La Fraternelle|Rungis-La Fraternelle √† Chemin d'Antony|Chemin d'Antony √† Massy-Verri√®res|Massy-Verri√®res √† Massy-Palaiseau|Massy-Palaiseau √† Igny|Igny √† Bi√®vres|Bi√®vres √† Vauboyen|Vauboyen √† Jouy-en-Josas|Jouy-en-Josas √† Petit-Jouy-les-Loges|Petit-Jouy-les-Loges √† Versailles-Chantiers|Massy-Palaiseau √† Longjumeau|Longjumeau √† Chilly-Mazarin|Chilly-Mazarin √† Gravigny-Balizy|Gravigny-Balizy √† Petit-Vaux|Petit-Vaux √† Savigny-sur-Orge,RERC_SNCF|usager91|actufr93|actufrparis|actufr92|actufr94|Plusdetrains|Piqxee|Sawu7518|c3lineb|voltageofficiel|AxelrougeMoisi|NicoYabasta|NatanLieds|Sachat_le_Chat|MsEnza|Olivier_loky|coli564|NicoYabasta|nounour20605298|St_cafeinomane|stoploiblanquer|Mamanma01|cld|StDenisPleyel|cestbastien_|kitycat91|anab99|ElConductor14|l2imam|moris_salt|OVNILS|Sylvinho5YG|Infrapower19_95|pepelevx|Aaaamm97048225|ludianov|padmeonverra|Nicolas____O|Olivier_loky|GBoillotpro|s2o_93|jferet|farnaz_e|jferet|Seb_H91|Mc_Galich|bbougie2104|GuyZima|mccricricri|,,,
Chat √©cras√© par un TGV,"Le 02/01/2023
 

Bien que la SNCF avait √©t√© pr√©venue qu'un chat, Neko d‚Äôapr√®s les journalistes, √©tait cach√© sous le train, elle a quand m√™me maintenu le d√©part du train. Les voyageur.ses du RER C mentionnent cet √©v√®nement r√©guli√®rement pendant les moments o√π la circulation est bloqu√©e par la pr√©sence d‚Äôanimaux sur les voies. Plusieurs choses transparaissent dans ces tweets : quasiment chaque tweets laisse entendre une reproche √† la SNCF d‚Äôavoir fait moins pour ce chat qu‚Äôon ne l‚Äôaurait fait pour un humain, d‚Äôautant plus qu‚Äôil semble que les ma√Ætresses du chat avaient pay√© un suppl√©ment pour comptabiliser leur chat dans le voyage. Une autre reproche √©manant parfois des m√™mes personnes est qu‚Äôon ne fasse pas de m√™me avec tous les autres petits animaux qui ¬´ divaguent ¬ª sur les voies du RER C, en effet, d√©loger un animal des voies est plus impactant pour la circulation qu‚Äôeffectuer les v√©rification pour un heurt d‚Äôanimal. Il est reproch√© √©galement que la ponctualit√© des voyageur.ses des TGV soit d'avantage prise en compte que celle voyageur.ses du RER.",Montparnasse,,,Marc_ou_Olivier,,,
Ch√®vres sur les voies,"Le 12/06/2024
Traffic fortement ralenti
6h

Cet incident a caus√© une grande vague de tweets, je m'y suis d'autant plus int√©ress√©e que j'√©tais moi-m√™me dans un des trains √† l'arr√™t. Les premi√®res communications de la SNCF mentionnaient ""pr√©sence d'animaux sur la voie"". Les tweets au sujet de l'√©v√®nement sont en partie des mises en cause de la SNCF, de la col√®re. Certain.es voyageur.ses mentionnent que ces ch√®vres divaguaient d√©j√† depuis plusieurs mois sur les voies sans que √ßa ne pose de probl√®me √† personne jusque l√†, sous-entendu que les ch√®vres auraient pu √™tre d√©log√©es tranquillement pendant une nuit. 
Pour mettre du contexte, l'incident a eu lieu un mercredi soir, en sachant que le d√©but de la semaine avait d√©j√† pr√©sent√© plusieurs grosses perturbations dans les circulations. Ce mercredi soir l√†, plusieurs incidents se sont encha√Æn√©s
Les ch√®vres sont un excellent pr√©texte √† insulter gentiment les agents SNCF de ch√®vres : ""Des ch√®vres‚Ä¶ vous √™tes s√ªrs ce sont pas des coll√®gues √† vous  sur les voies ? Quelqu un a v√©rifi√© ?""
On peut √©galement lire de l'euphorie dans les tweets et les quelques vid√©os qui ont pu circuler : ""j‚Äôvous jure quand le gars a fait l‚Äôannonce j‚Äôai cru que y‚Äôavait eu un attentat et l√† il nous sort que c‚Äôest parce que y‚Äôa des ch√®vres sur les voies üêê fou rire g√©n√©ral dans le wagon mdrrrrrrr qui a laiss√© s‚Äô√©chapper ses ch√®vres bordel""
Dans le contexte pr√© Jeux Olympiques et Paralympiques, chaque incident est l'occasion de rappeler que le r√©seau de transport francilien n'est pas pr√™t pour accueillir le nombre de spectateur.rices qui sont vraiment attendu.es, et les ""JO sont mentionn√©s √† plusieurs reprises pendant cet incident.",Choisy-le-Roi,Partout sauf Versailles Massy,Saint-Quentin-en-Yvelines √† Saint-Cyr|Saint-Cyr √† Versailles-Chantiers|Versailles-Chantiers √† Viroflay Rive Gauche|Viroflay Rive Gauche √† Porchefontaine|Porchefontaine √† Versailles Ch√¢teau|Viroflay Rive Gauche √† Chaville-V√©lizy|Chaville-V√©lizy √† Meudon-Val-Fleury|Meudon-Val-Fleury √† Issy|Issy √† Issy-Val-de-Seine|Issy-Val-de-Seine √† Pont du Garigliano|Pont du Garigliano √† Javel|Javel √† Champ de Mars|Champ de Mars √† Avenue du Pr√©sident Kennedy|Avenue du Pr√©sident Kennedy √† Boulainvilliers|Boulainvilliers √† Avenue Henri Martin|Avenue Henri Martin √† Avenue Foch|Avenue Foch √† Neuilly Porte Maillot|Neuilly Porte Maillot √† Pereire-Levallois|Pereire-Levallois √† Porte de Clichy|Porte de Clichy √† Saint-Ouen|Saint-Ouen √† Les Gr√©sillons|Les Gr√©sillons √† Gennevilliers|Gennevilliers √† √âpinay-sur-Seine|√âpinay-sur-Seine √† Saint-Gratien|Saint-Gratien √† Ermont-Eaubonne|Ermont-Eaubonne √† Cernay|Cernay √† Franconville-Le Plessis-Bouchard|Franconville-Le Plessis-Bouchard √† Montigny-Beauchamp|Montigny-Beauchamp √† Pierrelaye|Pierrelaye √† Saint-Ouen-l'Aum√¥ne-Liesse|Saint-Ouen-l'Aum√¥ne-Liesse √† Saint-Ouen-l'Aum√¥ne|Saint-Ouen-l'Aum√¥ne √† Pontoise|Champ de Mars √† Pont de l'Alma|Pont de l'Alma √† Invalides|Invalides √† Mus√©e d'Orsay|Mus√©e d'Orsay √† Saint-Michel|Saint-Michel √† Paris Austerlitz|Paris Austerlitz √† Biblioth√®que Fran√ßois Mitterrand|Biblioth√®que Fran√ßois Mitterrand √† Ivry-sur-Seine|Ivry-sur-Seine √† Vitry-sur-Seine|Vitry-sur-Seine √† Les Ardoines|Les Ardoines √† Choisy-le-Roi|Choisy-le-Roi √† Villeneuve-le-Roi|Villeneuve-le-Roi √† Ablon|Ablon √† Athis-Mons|Athis-Mons √† Juvisy|Juvisy √† Savigny-sur-Orge|Savigny-sur-Orge √† √âpinay-sur-Orge|√âpinay-sur-Orge √† Sainte-Genevi√®ve-des-Bois|Sainte-Genevi√®ve-des-Bois √† Saint-Michel-sur-Orge|Saint-Michel-sur-Orge √† Br√©tigny|Br√©tigny √† Marolles-en-Hurepoix|Marolles-en-Hurepoix √† Bouray|Bouray √† Lardy|Lardy √† Chamarande|Chamarande √† √âtr√©chy|√âtr√©chy √† √âtampes|√âtampes √† Saint-Martin-d'√âtampes|Br√©tigny √† La Norville|La Norville √† Arpajon|Arpajon √† √âgly|√âgly √† Breuillet|Breuillet √† Breuillet-Village|Breuillet-Village √† Saint-Ch√©ron|Saint-Ch√©ron √† Sermaise|Sermaise √† Dourdan|Dourdan √† Dourdan-la-For√™t|Choisy-le-Roi √† Les Saules|Les Saules √† Orly Ville|Orly Ville √† Pont de Rungis|Pont de Rungis √† Rungis-La Fraternelle|Rungis-La Fraternelle √† Chemin d'Antony|Chemin d'Antony √† Massy-Verri√®res|Massy-Verri√®res √† Massy-Palaiseau|Massy-Palaiseau √† Longjumeau|Longjumeau √† Chilly-Mazarin|Chilly-Mazarin √† Gravigny-Balizy|Gravigny-Balizy √† Petit-Vaux|Petit-Vaux √† Savigny-sur-Orge,,,,
,,,,,,,,